DES,APOLLOTYR,STK,NSE
DES,ARVIND,STK,NSE
DES,BANKBAROD,STK,NSE
DES,BEL,STK,NSE
DES,BEML,STK,NSE
DES,BHEL,STK,NSE
DES,CADILAHC,STK,NSE
DES,DISHTV,STK,NSE
DES,DIVISLAB,STK,NSE
DES,DRREDDY,STK,NSE
DES,GMRINFRA,STK,NSE
DES,HEXAWARE,STK,NSE
DES,IBULHSGFI,STK,NSE
DES,IFCI,STK,NSE
DES,INDIACEM,STK,NSE
DES,JISLJALEQ,STK,NSE
DES,JPASSOCIA,STK,NSE
DES,MOTHERSUM,STK,NSE
DES,MRPL,STK,NSE
DES,NATIONALU,STK,NSE
DES,NBCC,STK,NSE
DES,NCC,STK,NSE
DES,ORIENTBAN,STK,NSE
DES,PCJEWELLE,STK,NSE
DES,PNB,STK,NSE
DES,RCOM,STK,NSE
DES,RELINFRA,STK,NSE
DES,SUZLON,STK,NSE
DES,TATAGLOBA,STK,NSE
DES,TITAN,STK,NSE
DES,UBL,STK,NSE
DES,VEDL,STK,NSE
